{
  "IcoMoonType": "selection",
  "icons": [
    {
      "icon": {
        "paths": [
          "M512 516.767l512-290.534-512 571.535-512-571.535 512 290.534z"
        ],
        "attrs": [
          {}
        ],
        "isMulticolor": false,
        "isMulticolor2": false,
        "grid": 0,
        "tags": [
          "arrow"
        ]
      },
      "attrs": [
        {}
      ],
      "properties": {
        "order": 4,
        "id": 1,
        "name": "arrow",
        "prevSize": 32,
        "code": 59650
      },
      "setIdx": 0,
      "setId": 3,
      "iconIdx": 0
    },
    {
      "icon": {
        "paths": [
          "M617.6 1018.88h-485.76v-1013.76h760.32v739.2c0 152.059-122.501 274.56-274.56 274.56zM174.080 976.64h443.52c128.829 0 232.32-103.491 232.32-232.32v-696.96h-675.84v929.28z",
          "M512 535.229l-253.44-143.616 253.44 280.899c0 0 29.563-33.797 69.693-76.037 73.923-82.365 183.747-204.867 183.747-204.867l-253.44 143.621z"
        ],
        "attrs": [
          {},
          {}
        ],
        "isMulticolor": false,
        "isMulticolor2": false,
        "grid": 0,
        "tags": [
          "download"
        ]
      },
      "attrs": [
        {},
        {}
      ],
      "properties": {
        "order": 5,
        "id": 0,
        "name": "download",
        "prevSize": 32,
        "code": 59651
      },
      "setIdx": 0,
      "setId": 3,
      "iconIdx": 1
    },
    {
      "icon": {
        "paths": [
          "M1311.758 120.477c-47.096 20.954-97.068 34.729-148.248 40.857 54.079-32.221 94.55-83.065 113.813-142.999-50.676 30.204-106.146 51.523-164.009 63.035-97.859-103.998-261.498-108.968-365.493-11.106-66.464 62.543-95.032 155.496-75.169 244.571-207.551-9.81-401.208-107.171-532.885-267.901-68.272 118.497-32.463 269.666 81.712 344.942-40.914-1.246-80.936-12.252-116.734-32.103-1.401 124.196 85.515 231.924 207.2 256.814-38.099 10.185-78.015 11.584-116.734 4.085 33.934 105.258 131.058 177.281 241.634 179.185-108.78 85.618-247.235 124.277-384.633 107.395 118.138 76.193 255.73 116.719 396.306 116.734 403.57 2.514 732.767-322.609 735.281-726.179 0.091-14.564-0.253-29.127-1.035-43.669 50.599-36.541 94.276-81.801 128.993-133.66z"
        ],
        "width": 1364,
        "attrs": [
          {}
        ],
        "isMulticolor": false,
        "isMulticolor2": false,
        "tags": [
          "twitter"
        ],
        "grid": 0
      },
      "attrs": [
        {}
      ],
      "properties": {
        "order": 40,
        "id": 0,
        "name": "twitter",
        "prevSize": 32,
        "code": 59648
      },
      "setIdx": 1,
      "setId": 2,
      "iconIdx": 0
    },
    {
      "icon": {
        "paths": [
          "M20.47 341.171h211.039v682.829h-211.039v-682.829z",
          "M249.542 125.746c0 69.448-55.862 125.746-124.771 125.746s-124.771-56.298-124.771-125.746c0-69.448 55.862-125.746 124.771-125.746s124.771 56.298 124.771 125.746z",
          "M569.268 665.771c0-97.477 44.352-153.040 128.67-153.040s115.023 55.075 115.023 153.040v357.742h210.551v-431.825c0-182.77-103.326-271.475-248.080-271.475-1.033-0.016-2.251-0.025-3.472-0.025-84.986 0-159.562 44.574-201.624 111.619l-0.581 0.993v-91.629h-202.753v682.342h202.753z"
        ],
        "attrs": [],
        "isMulticolor": false,
        "isMulticolor2": false,
        "colorPermutations": {},
        "tags": [
          "linkedin"
        ],
        "grid": 0
      },
      "attrs": [],
      "properties": {
        "order": 10,
        "id": 1,
        "name": "linkedin",
        "prevSize": 32,
        "code": 59649
      },
      "setIdx": 1,
      "setId": 2,
      "iconIdx": 1
    }
  ],
  "height": 1024,
  "metadata": {
    "name": "icomoon"
  },
  "preferences": {
    "showGlyphs": true,
    "showQuickUse": true,
    "showQuickUse2": true,
    "showSVGs": true,
    "fontPref": {
      "prefix": "icon-",
      "metadata": {
        "fontFamily": "icomoon"
      },
      "metrics": {
        "emSize": 1024,
        "baseline": 6.25,
        "whitespace": 50
      },
      "embed": false
    },
    "imagePref": {
      "prefix": "icon-",
      "png": true,
      "useClassSelector": true,
      "color": 0,
      "bgColor": 16777215,
      "classSelector": ".icon"
    },
    "historySize": 50,
    "showCodes": true,
    "gridSize": 16
  }
}